{
    "sinks": [],
    "sources": [
        {
            "location": {
                "x": -1.399999976158142,
                "y": 0.4950000047683716,
                "z": -0.5663762092590332
            },
            "orientation": {
                "x": 0.0,
                "y": 0.7071068286895752,
                "z": 0.0,
                "w": 0.7071068286895752
            }
        },
        {
            "location": {
                "x": -0.2879999876022339,
                "y": 0.2070000022649765,
                "z": 0.3790000081062317
            },
            "orientation": {
                "x": 0.0,
                "y": 0.7071068286895752,
                "z": 0.0,
                "w": 0.7071068286895752
            }
        },
        {
            "location": {
                "x": 0.18700000643730164,
                "y": 1.0199999809265137,
                "z": 0.9070000052452087
            },
            "orientation": {
                "x": 0.0,
                "y": 1.0,
                "z": 0.0,
                "w": 0.0
            }
        }
    ]
}