{
    "sinks": [
        {
            "location": {
                "x": 0.0,
                "y": 1.0870000123977662,
                "z": -1.0429999828338624
            },
            "orientation": {
                "x": 0.0,
                "y": 0.0,
                "z": 0.0,
                "w": 1.0
            }
        }
    ],
    "sources": [
        {
            "location": {
                "x": -1.399999976158142,
                "y": 0.4950000047683716,
                "z": -0.5663762092590332
            },
            "orientation": {
                "x": 0.0,
                "y": 0.7071068286895752,
                "z": 0.0,
                "w": 0.7071068286895752
            }
        },
        {
            "location": {
                "x": -1.3969999551773072,
                "y": 1.2640000581741334,
                "z": -0.24400000274181367
            },
            "orientation": {
                "x": 0.0,
                "y": 0.7071068286895752,
                "z": 0.0,
                "w": 0.7071068286895752
            }
        },
        {
            "location": {
                "x": 0.18700000643730164,
                "y": 1.0199999809265137,
                "z": 0.9070000052452087
            },
            "orientation": {
                "x": 0.0,
                "y": 1.0,
                "z": 0.0,
                "w": 0.0
            }
        }
    ]
}