{
    "sinks": [],
    "sources": [
        {
            "location": {
                "x": -0.11699999868869782,
                "y": 1.2309999465942383,
                "z": 0.9960322380065918
            },
            "orientation": {
                "x": 0.0,
                "y": 1.0,
                "z": 0.0,
                "w": 0.0
            }
        },
        {
            "location": {
                "x": 1.100600004196167,
                "y": 1.2309999465942383,
                "z": 0.45513224601745608
            },
            "orientation": {
                "x": 0.0,
                "y": 0.7071068286895752,
                "z": 0.0,
                "w": -0.7071068286895752
            }
        },
        {
            "location": {
                "x": -1.6929999589920045,
                "y": 1.2309999465942383,
                "z": 0.45513224601745608
            },
            "orientation": {
                "x": 0.0,
                "y": 0.7071068286895752,
                "z": 0.0,
                "w": 0.7071068286895752
            }
        }
    ]
}