{
    "sinks": [],
    "sources": [
        {
            "location": {
                "x": -1.3969999551773072,
                "y": 0.30399999022483828,
                "z": -0.20890000462532044
            },
            "orientation": {
                "x": 0.0,
                "y": 0.7071068286895752,
                "z": 0.0,
                "w": 0.7071068286895752
            }
        }
    ]
}