{
    "sinks": [
        {
            "location": {
                "x": -0.6899999976158142,
                "y": 1.347000002861023,
                "z": -1.003999948501587
            },
            "orientation": {
                "x": 0.0,
                "y": 0.0,
                "z": 0.0,
                "w": 1.0
            },
            "address": "B",
            "ports": [
                {
                    "location": {
                        "x": 0.2540000081062317,
                        "y": 0.0,
                        "z": 0.026000022888183595
                    },
                    "orientation": {
                        "x": 0.0,
                        "y": 0.0,
                        "z": 0.0,
                        "w": 1.0
                    }
                },
                {
                    "location": {
                        "x": 0.0,
                        "y": 0.0,
                        "z": 0.026000022888183595
                    },
                    "orientation": {
                        "x": 0.0,
                        "y": 0.0,
                        "z": 0.0,
                        "w": 1.0
                    }
                },
                {
                    "location": {
                        "x": -0.2540000081062317,
                        "y": 0.0,
                        "z": 0.026000022888183595
                    },
                    "orientation": {
                        "x": 0.0,
                        "y": 0.0,
                        "z": 0.0,
                        "w": 1.0
                    }
                }
            ],
            "backings": [
                {
                    "location": {
                        "x": 0.0,
                        "y": 0.0,
                        "z": 0.0
                    },
                    "orientation": {
                        "x": 0.0,
                        "y": 0.0,
                        "z": 0.0,
                        "w": 1.0
                    },
                    "scale": {
                        "x": 0.800000011920929,
                        "y": 0.20000000298023225,
                        "z": 0.05000000074505806
                    }
                }
            ]
        },
        {
            "location": {
                "x": 0.6959999799728394,
                "y": 1.347000002861023,
                "z": -1.003999948501587
            },
            "orientation": {
                "x": 0.0,
                "y": 0.0,
                "z": 0.0,
                "w": 1.0
            },
            "address": "C",
            "ports": [
                {
                    "location": {
                        "x": 0.2540000081062317,
                        "y": 0.0,
                        "z": 0.026000022888183595
                    },
                    "orientation": {
                        "x": 0.0,
                        "y": 0.0,
                        "z": 0.0,
                        "w": 1.0
                    }
                },
                {
                    "location": {
                        "x": 0.0,
                        "y": 0.0,
                        "z": 0.026000022888183595
                    },
                    "orientation": {
                        "x": 0.0,
                        "y": 0.0,
                        "z": 0.0,
                        "w": 1.0
                    }
                },
                {
                    "location": {
                        "x": -0.2540000081062317,
                        "y": 0.0,
                        "z": 0.026000022888183595
                    },
                    "orientation": {
                        "x": 0.0,
                        "y": 0.0,
                        "z": 0.0,
                        "w": 1.0
                    }
                }
            ],
            "backings": [
                {
                    "location": {
                        "x": 0.0,
                        "y": 0.0,
                        "z": 0.0
                    },
                    "orientation": {
                        "x": 0.0,
                        "y": 0.0,
                        "z": 0.0,
                        "w": 1.0
                    },
                    "scale": {
                        "x": 0.800000011920929,
                        "y": 0.20000000298023225,
                        "z": 0.05000000074505806
                    }
                }
            ]
        },
        {
            "location": {
                "x": 0.6959999799728394,
                "y": 1.6710000038146973,
                "z": -1.003999948501587
            },
            "orientation": {
                "x": 0.0,
                "y": 0.0,
                "z": 0.0,
                "w": 1.0
            },
            "address": "D",
            "ports": [
                {
                    "location": {
                        "x": 0.2540000081062317,
                        "y": 0.0,
                        "z": 0.026000022888183595
                    },
                    "orientation": {
                        "x": 0.0,
                        "y": 0.0,
                        "z": 0.0,
                        "w": 1.0
                    }
                },
                {
                    "location": {
                        "x": 0.0,
                        "y": 0.0,
                        "z": 0.026000022888183595
                    },
                    "orientation": {
                        "x": 0.0,
                        "y": 0.0,
                        "z": 0.0,
                        "w": 1.0
                    }
                },
                {
                    "location": {
                        "x": -0.2540000081062317,
                        "y": 0.0,
                        "z": 0.026000022888183595
                    },
                    "orientation": {
                        "x": 0.0,
                        "y": 0.0,
                        "z": 0.0,
                        "w": 1.0
                    }
                }
            ],
            "backings": [
                {
                    "location": {
                        "x": 0.0,
                        "y": 0.0,
                        "z": 0.0
                    },
                    "orientation": {
                        "x": 0.0,
                        "y": 0.0,
                        "z": 0.0,
                        "w": 1.0
                    },
                    "scale": {
                        "x": 0.800000011920929,
                        "y": 0.20000000298023225,
                        "z": 0.05000000074505806
                    }
                }
            ]
        },
        {
            "location": {
                "x": -0.6899999976158142,
                "y": 1.6710000038146973,
                "z": -1.003999948501587
            },
            "orientation": {
                "x": 0.0,
                "y": 0.0,
                "z": 0.0,
                "w": 1.0
            },
            "address": "A",
            "ports": [
                {
                    "location": {
                        "x": 0.2540000081062317,
                        "y": 0.0,
                        "z": 0.026000022888183595
                    },
                    "orientation": {
                        "x": 0.0,
                        "y": 0.0,
                        "z": 0.0,
                        "w": 1.0
                    }
                },
                {
                    "location": {
                        "x": 0.0,
                        "y": 0.0,
                        "z": 0.026000022888183595
                    },
                    "orientation": {
                        "x": 0.0,
                        "y": 0.0,
                        "z": 0.0,