{
    "sinks": [
        {
            "location": {
                "x": -0.5527888536453247,
                "y": 1.1820000410079957,
                "z": -1.0
            },
            "orientation": {
                "x": 0.0,
                "y": 0.0,
                "z": 0.0,
                "w": 1.0
            },
            "address": "B",
            "ports": [
                {
                    "location": {
                        "x": 0.2540000081062317,
                        "y": 0.0,
                        "z": 0.026000022888183595
                    },
                    "orientation": {
                        "x": 0.0,
                        "y": 0.0,
                        "z": 0.0,
                        "w": 1.0
                    }
                },
                {
                    "location": {
                        "x": 0.0,
                        "y": 0.0,
                        "z": 0.026000022888183595
                    },
                    "orientation": {
                        "x": 0.0,
                        "y": 0.0,
                        "z": 0.0,
                        "w": 1.0
                    }
                },
                {
                    "location": {
                        "x": -0.2540000081062317,
                        "y": 0.0,
                        "z": 0.026000022888183595
                    },
                    "orientation": {
                        "x": 0.0,
                        "y": 0.0,
                        "z": 0.0,
                        "w": 1.0
                    }
                }
            ],
            "backings": [
                {
                    "location": {
                        "x": 0.0,
                        "y": 0.0,
                        "z": 0.0
                    },
                    "orientation": {
                        "x": 0.0,
                        "y": 0.0,
                        "z": 0.0,
                        "w": 1.0
                    },
                    "scale": {
                        "x": 0.800000011920929,
                        "y": 0.20000000298023225,
                        "z": 0.05000000074505806
                    }
                }
            ]
        },
        {
            "location": {
                "x": -0.7630000114440918,
                "y": 0.6759999990463257,
                "z": 1.0140000581741334
            },
            "orientation": {
                "x": 0.0,
                "y": 1.0,
                "z": 0.0,
                "w": 0.0
            },
            "address": "A",
            "ports": [
                {
                    "location": {
                        "x": 0.2540000081062317,
                        "y": 0.0,
                        "z": 0.026000022888183595
                    },
                    "orientation": {
                        "x": 0.0,
                        "y": 0.0,
                        "z": 0.0,
                        "w": 1.0
                    }
                },
                {
                    "location": {
                        "x": 0.0,
                        "y": 0.0,
                        "z": 0.026000022888183595
                    },
                    "orientation": {
                        "x": 0.0,
                        "y": 0.0,
                        "z": 0.0,
                        "w": 1.0
                    }
                },
                {
                    "location": {
                        "x": -0.2540000081062317,
                        "y": 0.0,
                        "z": 0.026000022888183595
                    },
                    "orientation": {
                        "x": 0.0,
                        "y": 0.0,
                        "z": 0.0,
                        "w": 1.0
                    }
                }
            ],
            "backings": [
                {
                    "location": {
                        "x": 0.0,
                        "y": 0.0,
                        "z": 0.0
                    },
                    "orientation": {
                        "x": 0.0,
                        "y": 0.0,
                        "z": 0.0,
                        "w": 1.0
                    },
                    "scale": {
                        "x": 0.800000011920929,
                        "y": 0.20000000298023225,
                        "z": 0.05000000074505806
                    }
                }
            ]
        }
    ],
    "sources": [
        {
            "location": {
                "x": -1.399999976158142,
                "y": 0.4950000047683716,
                "z": -0.5663762092590332
            },
            "orientation": {
                "x": 0.0,
                "y": 0.7071068286895752,
                "z": 0.0,
                "w": 0.7071068286895752
            }
        },
        {
            "location": {
                "x": -1.3969999551773072,
                "y": 1.2640000581741334,
                "z": -0.24400000274181367
            },
            "orientation": {
                "x": 0.0,
                "y": 0.7071068286895752,
                "z": 0.0,
                "w": 0.7071068286895752
            }
        },
        {
            "location": {
                "x": 0.18700000643730164,
                "y": 1.0199999809265137,
                "z": 0.9070000052452087
            },
            "orientation": {
                "x": 0.0,
                "y": 1.0,
                "z": 0.0,
                "w": 0.0
            }
        }
    ]
}