{
    "sinks": [
        {
            "id": 0,
            "location": {
                "x": 0.23580610752105714,
                "y": 1.4296796321868897,
                "z": 1.0838239192962647
            },
            "orientation": {
                "x": 0.0,
                "y": 0.0,
                "z": 0.0,
                "w": 1.0
            }
        }
    ],
    "sources": [
        {
            "id": 1,
            "location": {
                "x": 1.5080000162124634,
                "y": 0.8691835403442383,
                "z": -0.1952592134475708
            },
            "orientation": {
                "x": 0.0,
                "y": 0.7071068286895752,
                "z": 0.0,
                "w": 0.7071068286895752
            }
        },
        {
            "id": 2,
            "location": {
                "x": 0.04469108581542969,
                "y": 1.0322561264038087,
                "z": 1.1130000352859498
            },
            "orientation": {
                "x": 0.0,
                "y": 0.0,
                "z": 0.0,
                "w": 1.0
            }
        }
    ]
}